Workbook

Sheet mol% to wt% Conversions
A1: MOLE FRACTION (mol%) TO MASS FRACTION (wt%) CONVERSION
A2: Source: Companies Data Questionnaire - MIDOR.XLSX (January 2025)
A4: DATABASE
A5: Component | B5: Formula | C5: MW (g/mol) | D5: Reference
A6: Hydrogen | B6: H₂ | C6: 2.016 | D6: Perry's Handbook (9th Ed)
A7: Methane | B7: CH₄ | C7: 16.042 | D7: Perry's Handbook (9th Ed)
A8: Ethane | B8: C₂H₆ | C8: 30.069 | D8: Perry's Handbook (9th Ed)
A9: Ethylene | B9: C₂H₄ | C9: 28.053 | D9: Perry's Handbook (9th Ed)
A10: Propane | B10: C₃H₈ | C10: 44.096 | D10: Perry's Handbook (9th Ed)
A11: Propylene | B11: C₃H₆ | C11: 42.08 | D11: Perry's Handbook (9th Ed)
A12: Butane | B12: n-C₄H₁₀ | C12: 58.122 | D12: Perry's Handbook (9th Ed)
A13: Isobutane | B13: i-C₄H₁₀ | C13: 58.123 | D13: Perry's Handbook (9th Ed)
A14: Butylene | B14: C4H8 | C14: 56.106 | D14: Perry's Handbook (9th Ed)
A15: C5+ | B15: C₅-C₇ | C15: 85
A16: Pentane | B16: C5-H10 | C16: 72.149 | D16: Perry's Handbook (9th Ed)
A17: IsoPentane | B17: i-C5H10 | C17: 72.15 | D17: Perry's Handbook (9th Ed)
A18: Hexane | B18: C6H12 | C18: 86.16 | D18: Perry's Handbook (9th Ed)
A19: H2S | B19: H2S | C19: 34.08 | D19: Perry's Handbook (9th Ed)
A20: Carbon Monoxide | B20: CO | C20: 28.01 | D20: Perry's Handbook (9th Ed)
A21: Carbon Dioxide | B21: CO₂ | C21: 44.01 | D21: Perry's Handbook (9th Ed)
A22: Nitrogen | B22: N₂ | C22: 28.014 | D22: Perry's Handbook (9th Ed)
A25: CONVERSION METHODOLOGY
A26: Step 1: Calculate mass contribution = mol% × MW
A27: Step 2: Calculate wt% = (mass contribution / total mass) × 100
A29: STREAM: FLARE GAS (Old )
A30: Source: MIDOR.XLSX → 'Flared Gases' sheet → average 2025 data
A31: Component | B31: mol% | C31: MW (g/mol) | D31: Mol fraction | E31: Mass Contrib | F31: wt fraction | G31: Wt %
A32: Hydrogen | B32: 66.823331 | C32: =$C$6 -> 2.016 | D32: =B32/100 -> 0.66823331 | E32: =D32*C32 -> 1.3471584 | F32: =E32/$E$46 -> 0.1222633 | G32: =F32*100 -> 12.22633
A33: Methane | B33: 18.035802 | C33: =$C$7 -> 16.042 | D33: =B33/100 -> 0.18035802 | E33: =D33*C33 -> 2.8933034 | F33: =E33/$E$46 -> 0.26258591 | G33: =F33*100 -> 26.258591
A34: Ethane | B34: 3.9262561 | C34: =$C$8 -> 30.069 | D34: =B34/100 -> 0.039262561 | E34: =D34*C34 -> 1.180586 | F34: =E34/$E$46 -> 0.10714578 | G34: =F34*100 -> 10.714578
A35: Ethylene | B35: 0.12777778 | C35: =$C$9 -> 28.053 | D35: =B35/100 -> 0.0012777778 | E35: =D35*C35 -> 0.0358455 | F35: =E35/$E$46 -> 0.00325321 | G35: =F35*100 -> 0.325321
A36: Propane | B36: 3.1095404 | C36: =$C$10 -> 44.096 | D36: =B36/100 -> 0.031095404 | E36: =D36*C36 -> 1.371183 | F36: =E36/$E$46 -> 0.12444368 | G36: =F36*100 -> 12.444368
A37: Propylene | B37: 0.22731021 | C37: =$C$11 -> 42.08 | D37: =B37/100 -> 0.0022731021 | E37: =D37*C37 -> 0.095652135 | F37: =E37/$E$46 -> 0.0086810472 | G37: =F37*100 -> 0.86810472
A38: Butane | B38: 1.7354239 | C38: =$C$12 -> 58.122 | D38: =B38/100 -> 0.017354239 | E38: =D38*C38 -> 1.0086631 | F38: =E38/$E$46 -> 0.091542672 | G38: =F38*100 -> 9.1542672
A39: Butylene | B39: 1.558775 | C39: =$C$14 -> 56.106 | D39: =B39/100 -> 0.01558775 | E39: =D39*C39 -> 0.87456632 | F39: =E39/$E$46 -> 0.079372525 | G39: =F39*100 -> 7.9372525
A40: Pentane | B40: 0.58131229 | C40: =$C$16 -> 72.149 | D40: =B40/100 -> 0.0058131229 | E40: =D40*C40 -> 0.41941101 | F40: =E40/$E$46 -> 0.03806425 | G40: =F40*100 -> 3.806425
A41: Hexane | B41: 0.49837803 | C41: =$C$18 -> 86.16 | D41: =B41/100 -> 0.0049837803 | E41: =D41*C41 -> 0.42940251 | F41: =E41/$E$46 -> 0.038971043 | G41: =F41*100 -> 3.8971043
A42: H2S | B42: 0.00043499577 | C42: =$C$19 -> 34.08 | D42: =B42/100 -> 4.3499577e-06 | E42: =D42*C42 -> 0.00014824656 | F42: =E42/$E$46 -> 1.345433e-05 | G42: =F42*100 -> 0.001345433
A43: Carbon Monoxide | B43: 0.88356481 | C43: =$C$20 -> 28.01 | D43: =B43/100 -> 0.0088356481 | E43: =D43*C43 -> 0.2474865 | F43: =E43/$E$46 -> 0.022460994 | G43: =F43*100 -> 2.2460994
A44: Carbon Dioxide | B44: 1.1412997 | C44: =$C$21 -> 44.01 | D44: =B44/100 -> 0.011412997 | E44: =D44*C44 -> 0.50228601 | F44: =E44/$E$46 -> 0.04558569 | G44: =F44*100 -> 4.558569
A45: Nitrogen | B45: 2.1875129 | C45: =$C$22 -> 28.014 | D45: =B45/100 -> 0.021875129 | E45: =D45*C45 -> 0.61280986 | F45: =E45/$E$46 -> 0.055616441 | G45: =F45*100 -> 5.5616441
A46: TOTAL | B46: =SUM(B32:B45) -> 100.83672 | D46: =SUM(D32:D45) -> 1.0083672 | E46: =SUM(E32:E45) -> 11.018502 | F46: =SUM(F32:F45) -> 1 | G46: =SUM(G32:G45) -> 100
E47: Average Mol.Wt
A49: STREAM: FLARE GAS (New )
A50: Source: MIDOR.XLSX → 'Flared Gases' sheet → average 2025 data
A51: Component | B51: mol% | C51: MW (g/mol) | D51: Mol fraction | E51: Mass Contrib | F51: wt fraction | G51: Wt %
A52: Hydrogen | B52: 71.370227 | C52: =$C$6 -> 2.016 | D52: =B52/100 -> 0.71370227 | E52: =D52*C52 -> 1.4388238 | F52: =E52/$E$66 -> 0.14305196 | G52: =F52*100 -> 14.305196
A53: Methane | B53: 14.501793 | C53: =$C$7 -> 16.042 | D53: =B53/100 -> 0.14501793 | E53: =D53*C53 -> 2.3263776 | F53: =E53/$E$66 -> 0.2312951 | G53: =F53*100 -> 23.12951
A54: Ethane | B54: 2.6644392 | C54: =$C$8 -> 30.069 | D54: =B54/100 -> 0.026644392 | E54: =D54*C54 -> 0.80117022 | F54: =E54/$E$66 -> 0.079654629 | G54: =F54*100 -> 7.9654629
A55: Ethylene | B55: 0.13090038 | C55: =$C$9 -> 28.053 | D55: =B55/100 -> 0.0013090038 | E55: =D55*C55 -> 0.036721484 | F55: =E55/$E$66 -> 0.0036509547 | G55: =F55*100 -> 0.36509547
A56: Propane | B56: 2.8275654 | C56: =$C$10 -> 44.096 | D56: =B56/100 -> 0.028275654 | E56: =D56*C56 -> 1.2468433 | F56: =E56/$E$66 -> 0.12396471 | G56: =F56*100 -> 12.396471
A57: Propylene | B57: 0.24227148 | C57: =$C$11 -> 42.08 | D57: =B57/100 -> 0.0024227148 | E57: =D57*C57 -> 0.10194784 | F57: =E57/$E$66 -> 0.010135945 | G57: =F57*100 -> 1.0135945
A58: Butane | B58: 1.9038714 | C58: =$C$12 -> 58.122 | D58: =B58/100 -> 0.019038714 | E58: =D58*C58 -> 1.1065681 | F58: =E58/$E$66 -> 0.11001816 | G58: =F58*100 -> 11.001816
A59: Butylene | B59: 1.5101984 | C59: =$C$14 -> 56.106 | D59: =B59/100 -> 0.015101984 | E59: =D59*C59 -> 0.84731189 | F59: =E59/$E$66 -> 0.084242165 | G59: =F59*100 -> 8.4242165
A60: Pentane | B60: 0.4793337 | C60: =$C$16 -> 72.149 | D60: =B60/100 -> 0.004793337 | E60: =D60*C60 -> 0.34583447 | F60: =E60/$E$66 -> 0.03438385 | G60: =F60*100 -> 3.438385
A61: Hexane | B61: 0.45241509 | C61: =$C$18 -> 86.16 | D61: =B61/100 -> 0.0045241509 | E61: =D61*C61 -> 0.38980084 | F61: =E61/$E$66 -> 0.038755111 | G61: =F61*100 -> 3.8755111
A62: H2S | B62: 0.00039914506 | C62: =$C$19 -> 34.08 | D62: =B62/100 -> 3.9914506e-06 | E62: =D62*C62 -> 0.00013602864 | F62: =E62/$E$66 -> 1.3524355e-05 | G62: =F62*100 -> 0.0013524355
A63: Carbon Monoxide | B63: 0.27871142 | C63: =$C$20 -> 28.01 | D63: =B63/100 -> 0.0027871142 | E63: =D63*C63 -> 0.078067069 | F63: =E63/$E$66 -> 0.0077616507 | G63: =F63*100 -> 0.77616507
A64: Carbon Dioxide | B64: 1.4884361 | C64: =$C$21 -> 44.01 | D64: =B64/100 -> 0.014884361 | E64: =D64*C64 -> 0.65506074 | F64: =E64/$E$66 -> 0.065128007 | G64: =F64*100 -> 6.5128007
A65: Nitrogen | B65: 2.4394462 | C65: =$C$22 -> 28.014 | D65: =B65/100 -> 0.024394462 | E65: =D65*C65 -> 0.68338645 | F65: =E65/$E$66 -> 0.06794423 | G65: =F65*100 -> 6.794423
A66: TOTAL | B66: =SUM(B52:B65) -> 100.29001 | D66: =SUM(D52:D65) -> 1.0029001 | E66: =SUM(E52:E65) -> 10.05805 | F66: =E66/$E$66 -> 1 | G66: =SUM(G52:G65) -> 100
E67: Average Mol.Wt
A69: STREAM: Refinery fuel gas
A70: Source: MIDOR.XLSX → 'Fuel Gas' sheet → Average 2025 data
A71: Component | B71: mol% | C71: MW (g/mol) | D71: Mol fraction | E71: Mass Contrib | F71: wt fraction | G71: Wt %
A72: Hydrogen | B72: 33.098654 | C72: =$C$6 -> 2.016 | D72: =B72/100 -> 0.33098654 | E72: =D72*C72 -> 0.66726886 | F72: =E72/$E$88 -> 0.041464412 | G72: =F72*100 -> 4.1464412
A73: Methane | B73: 50.222847 | C73: =$C$7 -> 16.042 | D73: =B73/100 -> 0.50222847 | E73: =D73*C73 -> 8.0567491 | F73: =E73/$E$88 -> 0.50065032 | G73: =F73*100 -> 50.065032
A74: Ethane | B74: 6.0854768 | C74: =$C$8 -> 30.069 | D74: =B74/100 -> 0.060854768 | E74: =D74*C74 -> 1.829842 | F74: =E74/$E$88 -> 0.11370728 | G74: =F74*100 -> 11.370728
A75: Ethylene | B75: 0.2763834 | C75: =$C$9 -> 28.053 | D75: =B75/100 -> 0.002763834 | E75: =D75*C75 -> 0.077533835 | F75: =E75/$E$88 -> 0.0048179903 | G75: =F75*100 -> 0.48179903
A76: Propane | B76: 3.188445 | C76: =$C$10 -> 44.096 | D76: =B76/100 -> 0.03188445 | E76: =D76*C76 -> 1.4059767 | F76: =E76/$E$88 -> 0.087368078 | G76: =F76*100 -> 8.7368078
A77: Propylene | B77: 0.23544214 | C77: =$C$11 -> 42.08 | D77: =B77/100 -> 0.0023544214 | E77: =D77*C77 -> 0.099074054 | F77: =E77/$E$88 -> 0.00615651 | G77: =F77*100 -> 0.615651
A78: Butane | B78: 2.4778704 | C78: =$C$12 -> 58.122 | D78: =B78/100 -> 0.024778704 | E78: =D78*C78 -> 1.4401878 | F78: =E78/$E$88 -> 0.089493973 | G78: =F78*100 -> 8.9493973
A79: I-Butane | B79: 1.8501827 | C79: =$C$13 -> 58.123 | D79: =B79/100 -> 0.018501827 | E79: =D79*C79 -> 1.0753817 | F79: =E79/$E$88 -> 0.066824743 | G79: =F79*100 -> 6.6824743
A80: Butylene | B80: 0 | C80: =$C$14 -> 56.106 | D80: =B80/100 -> 0 | E80: =D80*C80 -> 0 | F80: =E80/$E$88 -> 0 | G80: =F80*100 -> 0
A81: Pentane | B81: 0 | C81: =$C$16 -> 72.149 | D81: =B81/100 -> 0 | E81: =D81*C81 -> 0 | F81: =E81/$E$88 -> 0 | G81: =F81*100 -> 0
A82: Hexane | B82: 0 | C82: =$C$18 -> 86.16 | D82: =B82/100 -> 0 | E82: =D82*C82 -> 0 | F82: =E82/$E$88 -> 0 | G82: =F82*100 -> 0
A83: C5+ | B83: 0.76472861 | C83: =$C$15 -> 85 | D83: =B83/100 -> 0.0076472861 | E83: =D83*C83 -> 0.65001932 | F83: =E83/$E$88 -> 0.040392517 | G83: =F83*100 -> 4.0392517
A84: H2S | B84: 0 | C84: =$C$19 -> 34.08 | D84: =B84/100 -> 0 | E84: =D84*C84 -> 0 | F84: =E84/$E$88 -> 0 | G84: =F84*100 -> 0
A85: Carbon Monoxide | B85: 0 | C85: =$C$20 -> 28.01 | D85: =B85/100 -> 0 | E85: =D85*C85 -> 0 | F85: =E85/$E$88 -> 0 | G85: =F85*100 -> 0
A86: Carbon Dioxide | B86: 1.7962605 | C86: =$C$21 -> 44.01 | D86: =B86/100 -> 0.017962605 | E86: =D86*C86 -> 0.79053423 | F86: =E86/$E$88 -> 0.049124183 | G86: =F86*100 -> 4.9124183
A87: Nitrogen | B87: 0 | C87: =$C$22 -> 28.014 | D87: =B87/100 -> 0 | E87: =D87*C87 -> 0 | F87: =E87/$E$88 -> 0 | G87: =F87*100 -> 0
A88: TOTAL | B88: =SUM(B72:B87) -> 99.99629 | D88: =SUM(D72:D87) -> 0.9999629 | E88: =SUM(E72:E87) -> 16.092568 | F88: =E88/$E$88 -> 1 | G88: =SUM(G72:G87) -> 100
E89: Average Mol.Wt
A91: STREAM: Natural Gas
A92: Source: MIDOR.XLSX → 'Fuel Gas' sheet → Average 2025 data
A93: Component | B93: mol% | C93: MW (g/mol) | D93: Mol fraction | E93: Mass Contrib | F93: wt fraction | G93: Wt %
A94: Hydrogen | B94: 0.003 | C94: =$C$6 -> 2.016 | D94: =B94/100 -> 3e-05 | E94: =D94*C94 -> 6.048e-05 | F94: =E94/$E$110 -> 3.3822803e-06 | G94: =F94*100 -> 0.00033822803
A95: Methane | B95: 91.147553 | C95: =$C$7 -> 16.042 | D95: =B95/100 -> 0.91147553 | E95: =D95*C95 -> 14.62189 | F95: =E95/$E$110 -> 0.81771382 | G95: =F95*100 -> 81.771382
A96: Ethane | B96: 4.4423601 | C96: =$C$8 -> 30.069 | D96: =B96/100 -> 0.044423601 | E96: =D96*C96 -> 1.3357733 | F96: =E96/$E$110 -> 0.074701713 | G96: =F96*100 -> 7.4701713
A97: Ethylene | B97: 0 | C97: =$C$9 -> 28.053 | D97: =B97/100 -> 0 | E97: =D97*C97 -> 0 | F97: =E97/$E$110 -> 0 | G97: =F97*100 -> 0
A98: Propane | B98: 0.81878017 | C98: =$C$10 -> 44.096 | D98: =B98/100 -> 0.0081878017 | E98: =D98*C98 -> 0.3610493 | F98: =E98/$E$110 -> 0.020191302 | G98: =F98*100 -> 2.0191302
A99: Propylene | B99: 0 | C99: =$C$11 -> 42.08 | D99: =B99/100 -> 0 | E99: =D99*C99 -> 0 | F99: =E99/$E$110 -> 0 | G99: =F99*100 -> 0
A100: Butane | B100: 0.13449713 | C100: =$C$12 -> 58.122 | D100: =B100/100 -> 0.0013449713 | E100: =D100*C100 -> 0.078172422 | F100: =E100/$E$110 -> 0.0043717104 | G100: =F100*100 -> 0.43717104
A101: I-Butane | B101: 0.11658598 | C101: =$C$13 -> 58.123 | D101: =B101/100 -> 0.0011658598 | E101: =D101*C101 -> 0.06776327 | F101: =E101/$E$110 -> 0.0037895895 | G101: =F101*100 -> 0.37895895
A102: Butylene | B102: 0 | C102: =$C$14 -> 56.106 | D102: =B102/100 -> 0 | E102: =D102*C102 -> 0 | F102: =E102/$E$110 -> 0 | G102: =F102*100 -> 0
A103: Pentane | B103: 0 | C103: =$C$16 -> 72.149 | D103: =B103/100 -> 0 | E103: =D103*C103 -> 0 | F103: =E103/$E$110 -> 0 | G103: =F103*100 -> 0
A104: Hexane | B104: 0 | C104: =$C$18 -> 86.16 | D104: =B104/100 -> 0 | E104: =D104*C104 -> 0 | F104: =E104/$E$110 -> 0 | G104: =F104*100 -> 0
A105: C5+ | B105: 0.078391058 | C105: =$C$15 -> 85 | D105: =B105/100 -> 0.00078391058 | E105: =D105*C105 -> 0.066632399 | F105: =E105/$E$110 -> 0.0037263468 | G105: =F105*100 -> 0.37263468
A106: H2S | B106: 0 | C106: =$C$19 -> 34.08 | D106: =B106/100 -> 0 | E106: =D106*C106 -> 0 | F106: =E106/$E$110 -> 0 | G106: =F106*100 -> 0
A107: Carbon Monoxide | B107: 0 | C107: =$C$20 -> 28.01 | D107: =B107/100 -> 0 | E107: =D107*C107 -> 0 | F107: =E107/$E$110 -> 0 | G107: =F107*100 -> 0
...

Sheet Heat Content Calculations
A1: LOWER HEATING VALUE (LHV) CALCULATIONS
A2: Source: Component mol% from 'mol% to wt% Conversions' sheet | LHV values from GPSA Engineering Data Book
A4: UNIT CONVERSION FACTORS
A5: Conversion | B5: Factor | C5: Formula | D5: Reference
A6: 1 scf → Nm³ | B6: 0.02832 | C6: 1 scf = 0.02832 Nm³ | D6: Standard (60°F, 1atm → 0°C, 1atm)
A7: 1 BTU → kcal | B7: 0.252 | C7: 1 BTU = 0.252 kcal | D7: Thermodynamic
A8: 1 BTU → kJ | B8: 1.055 | C8: 1 BTU = 1.055 kJ | D8: Thermodynamic
A9: 1 BTU → MJ | B9: 0.001055 | C9: 1 BTU = 0.001055 MJ | D9: Thermodynamic
A10: 1 lb → kg | B10: 0.4536 | C10: 1 lb = 0.4536 kg | D10: Mass conversion
A11: BTU/scf → BTU/Nm³ | B11: 35.3147 | C11: =1/0.02832 -> 35.310734 | D11: Volume basis
A12: BTU/scf → kcal/Nm³ | B12: 8.8993 | C12: =0.252 * 35.3147 -> 8.8993044 | D12: Combined
A13: BTU/scf → MJ/Nm³ | B13: 0.03727 | C13: =0.001055 * 35.3147 -> 0.037257009 | D13: Combined
A14: BTU/lb → kcal/kg | B14: 0.5556 | C14: =0.252 / 0.4536 -> 0.55555556 | D14: Mass basis
A15: BTU/lb → MJ/kg | B15: 0.002326 | C15: =0.001055 / 0.4536 -> 0.0023258377 | D15: Mass basis
A17: LHV DATABASE (NET HEATING VALUE)
A18: Component | B18: Formula | C18: MW (g/mol) | D18: LHV (BTU/scf) | E18: LHV (BTU/lb) | F18: Reference
A19: Hydrogen | B19: H₂ | C19: 2.016 | D19: 275 | E19: 51623 | F19: GPSA
A20: Methane | B20: CH₄ | C20: 16.042 | D20: 911 | E20: 21502 | F20: GPSA
A21: Ethane | B21: C₂H₆ | C21: 30.069 | D21: 1622 | E21: 20416 | F21: GPSA
A22: Ethylene | B22: C₂H₄ | C22: 28.053 | D22: 1513 | E22: 20409 | F22: GPSA
A23: Propane | B23: C₃H₈ | C23: 44.096 | D23: 2316 | E23: 19879 | F23: GPSA
A24: Propylene | B24: C₃H₆ | C24: 42.08 | D24: 2185 | E24: 19646 | F24: GPSA
A25: n-Butane | B25: n-C₄H₁₀ | C25: 58.122 | D25: 3012 | E25: 19614 | F25: GPSA
A26: Isobutane | B26: i-C₄H₁₀ | C26: 58.123 | D26: 2999 | E26: 19519 | F26: GPSA
A27: Butylene | B27: C₄H₈ | C27: 56.106 | D27: 2885 | E27: 19466 | F27: GPSA
A28: n-Pentane | B28: n-C₅H₁₂ | C28: 72.149 | D28: 3707 | E28: 19448 | F28: GPSA
A29: Isopentane | B29: i-C₅H₁₂ | C29: 72.15 | D29: 3698 | E29: 19395 | F29: GPSA
A30: n-Hexane | B30: C₆H₁₄ | C30: 86.16 | D30: 4404 | E30: 19346 | F30: GPSA
... A35: Nitrogen | B35: N₂ | C35: 28.014 | D35: 0 | E35: 0 | F35: Non-combustible
A37: CALCULATION METHODOLOGY
A38: Step 1: Get mol fraction (yi) for each component from composition data
A39: Step 2: Calculate heat contribution = yi × LHVi (BTU/scf per component)
A40: Step 3: Sum all contributions to get mixture LHV = Σ(yi × LHVi), then convert to other units
A42: STREAM: FLARE GAS (Old)
A43: Source: mol% from 'mol% to wt% Conversions' sheet (rows 32-45)
A44: Component | B44: mol% | C44: Mol Fraction | D44: LHV (BTU/scf) | E44: LHV Contrib
A45: Hydrogen | B45: ='mol% to wt% Conversions'!B32 -> 66.823331 | C45: =B45/100 -> 0.66823331 | D45: =$D$19 -> 275 | E45: =C45*D45 -> 183.76416
A46: Methane | B46: ='mol% to wt% Conversions'!B33 -> 18.035802 | C46: =B46/100 -> 0.18035802 | D46: =$D$20 -> 911 | E46: =C46*D46 -> 164.30616
A47: Ethane | B47: ='mol% to wt% Conversions'!B34 -> 3.9262561 | C47: =B47/100 -> 0.039262561 | D47: =$D$21 -> 1622 | E47: =C47*D47 -> 63.683874
A48: Ethylene | B48: ='mol% to wt% Conversions'!B35 -> 0.12777778 | C48: =B48/100 -> 0.0012777778 | D48: =$D$22 -> 1513 | E48: =C48*D48 -> 1.9332778
A49: Propane | B49: ='mol% to wt% Conversions'!B36 -> 3.1095404 | C49: =B49/100 -> 0.031095404 | D49: =$D$23 -> 2316 | E49: =C49*D49 -> 72.016956
A50: Propylene | B50: ='mol% to wt% Conversions'!B37 -> 0.22731021 | C50: =B50/100 -> 0.0022731021 | D50: =$D$24 -> 2185 | E50: =C50*D50 -> 4.966728
A51: n-Butane | B51: ='mol% to wt% Conversions'!B38 -> 1.7354239 | C51: =B51/100 -> 0.017354239 | D51: =$D$25 -> 3012 | E51: =C51*D51 -> 52.270969
A52: Butylene | B52: ='mol% to wt% Conversions'!B39 -> 1.558775 | C52: =B52/100 -> 0.01558775 | D52: =$D$27 -> 2885 | E52: =C52*D52 -> 44.97066
A53: n-Pentane | B53: ='mol% to wt% Conversions'!B40 -> 0.58131229 | C53: =B53/100 -> 0.0058131229 | D53: =$D$28 -> 3707 | E53: =C53*D53 -> 21.549247
A54: n-Hexane | B54: ='mol% to wt% Conversions'!B41 -> 0.49837803 | C54: =B54/100 -> 0.0049837803 | D54: =$D$30 -> 4404 | E54: =C54*D54 -> 21.948569
A55: H2S | B55: ='mol% to wt% Conversions'!B42 -> 0.00043499577 | C55: =B55/100 -> 4.3499577e-06 | D55: =$D$32 -> 596 | E55: =C55*D55 -> 0.0025925748
A56: Carbon Monoxide | B56: ='mol% to wt% Conversions'!B43 -> 0.88356481 | C56: =B56/100 -> 0.0088356481 | D56: =$D$33 -> 322 | E56: =C56*D56 -> 2.8450787
A57: Carbon Dioxide | B57: ='mol% to wt% Conversions'!B44 -> 1.1412997 | C57: =B57/100 -> 0.011412997 | D57: =$D$34 -> 0 | E57: =C57*D57 -> 0
A58: Nitrogen | B58: ='mol% to wt% Conversions'!B45 -> 2.1875129 | C58: =B58/100 -> 0.021875129 | D58: =$D$35 -> 0 | E58: =C58*D58 -> 0
A59: TOTAL | B59: =SUM(B45:B58) -> 100.83672 | C59: =SUM(C45:C58) -> 1.0083672 | E59: =SUM(E45:E58) -> 634.25827
A61: STREAM LHV SUMMARY | C61: Volume Basis | E61: Value
A62: LHV (BTU/scf) | E62: =E59 -> 634.25827
A63: LHV (BTU/Nm³) | E63: =E62*$B$11 -> 22398.641
A64: LHV (kcal/Nm³) | E64: =E62*$B$12 -> 5644.4546
A65: LHV (MJ/Nm³) | E65: =E62*$B$13 -> 23.638806
A66: Mass Basis
A67: Average MW (g/mol) | E67: ='mol% to wt% Conversions'!E46 -> 11.018502
A68: LHV (BTU/lb) | E68: =E62*379.5/E67 -> 21845.167
A69: LHV (kcal/kg) | E69: =E68*$B$14 -> 12137.175
A70: LHV (MJ/kg) | E70: =E68*$B$15 -> 50.811859
A73: STREAM: FLARE GAS (New)
A74: Source: mol% from 'mol% to wt% Conversions' sheet (rows 52-65)
A75: Component | B75: mol% | C75: Mol Fraction | D75: LHV (BTU/scf) | E75: LHV Contrib
A76: Hydrogen | B76: ='mol% to wt% Conversions'!B52 -> 71.370227 | C76: =B76/100 -> 0.71370227 | D76: =$D$19 -> 275 | E76: =C76*D76 -> 196.26812
A77: Methane | B77: ='mol% to wt% Conversions'!B53 -> 14.501793 | C77: =B77/100 -> 0.14501793 | D77: =$D$20 -> 911 | E77: =C77*D77 -> 132.11133
A78: Ethane | B78: ='mol% to wt% Conversions'!B54 -> 2.6644392 | C78: =B78/100 -> 0.026644392 | D78: =$D$21 -> 1622 | E78: =C78*D78 -> 43.217204
A79: Ethylene | B79: ='mol% to wt% Conversions'!B55 -> 0.13090038 | C79: =B79/100 -> 0.0013090038 | D79: =$D$22 -> 1513 | E79: =C79*D79 -> 1.9805228
A80: Propane | B80: ='mol% to wt% Conversions'!B56 -> 2.8275654 | C80: =B80/100 -> 0.028275654 | D80: =$D$23 -> 2316 | E80: =C80*D80 -> 65.486415
A81: Propylene | B81: ='mol% to wt% Conversions'!B57 -> 0.24227148 | C81: =B81/100 -> 0.0024227148 | D81: =$D$24 -> 2185 | E81: =C81*D81 -> 5.2936318
A82: n-Butane | B82: ='mol% to wt% Conversions'!B58 -> 1.9038714 | C82: =B82/100 -> 0.019038714 | D82: =$D$25 -> 3012 | E82: =C82*D82 -> 57.344606
A83: Butylene | B83: ='mol% to wt% Conversions'!B59 -> 1.5101984 | C83: =B83/100 -> 0.015101984 | D83: =$D$27 -> 2885 | E83: =C83*D83 -> 43.569223
A84: n-Pentane | B84: ='mol% to wt% Conversions'!B60 -> 0.4793337 | C84: =B84/100 -> 0.004793337 | D84: =$D$28 -> 3707 | E84: =C84*D84 -> 17.7689
A85: n-Hexane | B85: ='mol% to wt% Conversions'!B61 -> 0.45241509 | C85: =B85/100 -> 0.0045241509 | D85: =$D$30 -> 4404 | E85: =C85*D85 -> 19.92436
A86: H2S | B86: ='mol% to wt% Conversions'!B62 -> 0.00039914506 | C86: =B86/100 -> 3.9914506e-06 | D86: =$D$32 -> 596 | E86: =C86*D86 -> 0.0023789046
A87: Carbon Monoxide | B87: ='mol% to wt% Conversions'!B63 -> 0.27871142 | C87: =B87/100 -> 0.0027871142 | D87: =$D$33 -> 322 | E87: =C87*D87 -> 0.89745077
A88: Carbon Dioxide | B88: ='mol% to wt% Conversions'!B64 -> 1.4884361 | C88: =B88/100 -> 0.014884361 | D88: =$D$34 -> 0 | E88: =C88*D88 -> 0
A89: Nitrogen | B89: ='mol% to wt% Conversions'!B65 -> 2.4394462 | C89: =B89/100 -> 0.024394462 | D89: =$D$35 -> 0 | E89: =C89*D89 -> 0
A90: TOTAL | B90: =SUM(B76:B89) -> 100.29001 | C90: =SUM(C76:C89) -> 1.0029001 | E90: =SUM(E76:E89) -> 583.86415
A92: STREAM LHV SUMMARY | C92: Volume Basis | E92: Value
A93: LHV (BTU/scf) | E93: =E90 -> 583.86415
A94: LHV (BTU/Nm³) | E94: =E93*$B$11 -> 20618.987
A95: LHV (kcal/Nm³) | E95: =E93*$B$12 -> 5195.9822
A96: LHV (MJ/Nm³) | E96: =E93*$B$13 -> 21.760617
A97: Mass Basis
A98: Average MW (g/mol) | E98: ='mol% to wt% Conversions'!E66 -> 10.05805
A99: LHV (BTU/lb) | E99: =E93*379.5/E98 -> 22029.762
A100: LHV (kcal/kg) | E100: =E99*$B$14 -> 12239.736
A101: LHV (MJ/kg) | E101: =E99*$B$15 -> 51.241227
A104: STREAM: Refinery fuel gas
A105: Source: mol% from 'mol% to wt% Conversions' sheet (rows 72-87)
A106: Component | B106: mol% | C106: Mol Fraction | D106: LHV (BTU/scf) | E106: LHV Contrib
A107: Hydrogen | B107: ='mol% to wt% Conversions'!B72 -> 33.098654 | C107: =B107/100 -> 0.33098654 | D107: =$D$19 -> 275 | E107: =C107*D107 -> 91.021298
A108: Methane | B108: ='mol% to wt% Conversions'!B73 -> 50.222847 | C108: =B108/100 -> 0.50222847 | D108: =$D$20 -> 911 | E108: =C108*D108 -> 457.53014
A109: Ethane | B109: ='mol% to wt% Conversions'!B74 -> 6.0854768 | C109: =B109/100 -> 0.060854768 | D109: =$D$21 -> 1622 | E109: =C109*D109 -> 98.706434
A110: Ethylene | B110: ='mol% to wt% Conversions'!B75 -> 0.2763834 | C110: =B110/100 -> 0.002763834 | D110: =$D$22 -> 1513 | E110: =C110*D110 -> 4.1816808
A111: Propane | B111: ='mol% to wt% Conversions'!B76 -> 3.188445 | C111: =B111/100 -> 0.03188445 | D111: =$D$23 -> 2316 | E111: =C111*D111 -> 73.844386
A112: Propylene | B112: ='mol% to wt% Conversions'!B77 -> 0.23544214 | C112: =B112/100 -> 0.0023544214 | D112: =$D$24 -> 2185 | E112: =C112*D112 -> 5.1444108
A113: n-Butane | B113: ='mol% to wt% Conversions'!B78 -> 2.4778704 | C113: =B113/100 -> 0.024778704 | D113: =$D$25 -> 3012 | E113: =C113*D113 -> 74.633456
A114: I-butane | B114: ='mol% to wt% Conversions'!B79 -> 1.8501827 | C114: =B114/100 -> 0.018501827 | D114: =$D$26 -> 2999 | E114: =C114*D114 -> 55.486979
...

Sheet 1. ALL INPUT DATA
A1: MIDOR-ETHYDCO INTEGRATION - COMPLETE INPUT DATA
A2: Date: 2025-11-24 23:41:23
A4: 1. ECONOMIC PARAMETERS
A5: Parameter | B5: Value | C5: Source / Note
A6: NG Cost ($/MMBTU) | B6: 4.75 | C6: User provided - Egypt industrial NG price
A7: MJ to MMBTU Conversion | B7: 0.00094781699 | C7: 1 MMBTU = 1,055.056 MJ (standard)
A8: Operating Hours per Year | B8: 8000 | C8: Standard refinery operating hours
A10: 2. PRODUCT PRICES ($/ton)
A11: Product | B11: Price ($/ton) | C11: Source
A12: H2 (Hydrogen) | B12: 2000 | C12: Industry benchmark (not in Prices-25.xls)
A13: C2H6 (Ethane) | B13: 400 | C13: Industry benchmark (not in Prices-25.xls)
A14: C2H4 (Ethylene) | B14: 400 | C14: Industry benchmark (not in Prices-25.xls)
A15: LPG (C3+C4) | B15: 729 | C15: From Prices-25.xls (Jan 2025 average: $729/ton)
A16: C5+ (Light Naphtha) | B16: 620 | C16: From Prices-25.xls (Naphtha Jan avg: $620/ton)
A17: Methanol | B17: 450 | C17: Industry benchmark (not in Prices-25.xls)
A18: Ethylene (from MTO) | B18: 1200 | C18: Industry benchmark (not in Prices-25.xls)
A19: Propylene (from MTO) | B19: 900 | C19: Industry benchmark (not in Prices-25.xls)
A21: 3. MOLECULAR WEIGHTS (g/mol)
A22: Component | B22: MW (g/mol) | C22: Use
A23: H2 (Hydrogen) | B23: 2.016 | C23: For stoichiometry calculations
A24: CO (Carbon Monoxide) | B24: 28.01 | C24: For methanol synthesis
A25: CO2 (Carbon Dioxide) | B25: 44.01 | C25: For methanol synthesis
A26: CH3OH (Methanol) | B26: 32.04 | C26: For methanol synthesis
A28: 4. PROCESS PARAMETERS
A29: Parameter | B29: Value | C29: Source / Note
A30: Gasoline Density (g/cm³) | B30: 0.75 | C30: For methanol blending calculations
A31: Methanol Density (g/cm³) | B31: 0.79 | C31: For methanol blending calculations
A32: Methanol Blend Level (vol%) | B32: 5 | C32: Recommended blend level (5 vol%)
A33: MTO Ethylene Yield (%) | B33: 28 | C33: Typical MTO process yield
A34: MTO Propylene Yield (%) | B34: 42 | C34: Typical MTO process yield
A35: MIDOR Gasoline Pool (t/y) | B35: 1514271 | C35: From MIDOR production data
A36: ETHYDCO Feed Gap Min (T/hr) | B36: 11 | C36: From ETHYDCO.XLSX
A37: ETHYDCO Feed Gap Max (T/hr) | B37: 16 | C37: From ETHYDCO.XLSX
A38: ETHYDCO C2 Content (%) | B38: 95 | C38: C2 content in feed
A40: 5. STREAM DATA FROM MIDOR.XLSX
A41: Stream | B41: Flow (kg/h) | C41: LHV (MJ/kg) | D41: Flare % | E41: Fuel % | F41: Current Use | G41: Source
A42: Flare Gas (Old) | B42: 4122 | C42: ='Heat Content Calculations'!E70 -> 50.811859 | D42: 1 | E42: 0 | F42: Flared | G42: MIDOR.XLSX - calculations
A43: Flare Gas (New) | B43: 2989 | C43: ='Heat Content Calculations'!E101 -> 51.241227 | D43: 1 | E43: 0 | F43: Flared | G43: MIDOR.XLSX - calculations
A44: Off-Gas | B44: =13798541/30/24 -> 19164.64 | C44: ='Heat Content Calculations'!E134 -> 48.75527 | G44: MIDOR.XLSX - calculations
A45: Natural Gas | B45: =21092258/30/24 -> 29294.803 | C45: ='Heat Content Calculations'!E167 -> 45.999727 | G45: MIDOR.XLSX - calculations
A46: Refinery gas ( off gas +natural gas ) | B46: =B44+B45 -> 48459.443 | C46: =C44 -> 48.75527 | D46: 0 | E46: 1 | F46: Burned in heaters | G46: MIDOR.XLSX - calculations
A47: PSA-01 Purge Gas | B47: =45206243/30/24 -> 62786.449 | C47: ='Heat Content Calculations'!E200 -> 7.8505607 | D47: 0 | E47: 1 | F47: Burned in heaters | G47: MIDOR.XLSX - calculations
A48: Sweep Gas | B48: =2680861/30/24 -> 3723.4181 | C48: ='Heat Content Calculations'!E233 -> 53.299147 | D48: 0 | E48: 1 | F48: Burned in heaters | G48: MIDOR.XLSX - calculations
A49: Penex Gas | B49: 2088.1164 | C49: ='Heat Content Calculations'!E266 -> 57.690623 | D49: 0 | E49: 1 | F49: Burned in heaters | G49: MIDOR.XLSX - calculations
A51: 6. STREAM COMPOSITIONS (wt% from MIDOR.XLSX)
A52: Component | B52: Flare Gas OLD | C52: Flare gas New | D52: Refinery Gas | E52: Natural Gas | F52: PSA Purge | G52: Sweep Gas | H52: Penex Gas
A53: H2 | B53: ='mol% to wt% Conversions'!$F$32 -> 0.1222633 | C53: ='mol% to wt% Conversions'!$F$52 -> 0.14305196 | D53: ='mol% to wt% Conversions'!$F$72 -> 0.041464412 | E53: ='mol% to wt% Conversions'!$F$94 -> 3.3822803e-06 | F53: ='mol% to wt% Conversions'!$F$116 -> 0.02119424 | G53: ='mol% to wt% Conversions'!$F$138 -> 0.092869584 | H53: ='mol% to wt% Conversions'!$F$160 -> 0.14999104
A54: CH4 | B54: ='mol% to wt% Conversions'!$F$33 -> 0.26258591 | C54: ='mol% to wt% Conversions'!$F$53 -> 0.2312951 | D54: ='mol% to wt% Conversions'!$F$73 -> 0.50065032 | E54: ='mol% to wt% Conversions'!$F$95 -> 0.81771382 | F54: ='mol% to wt% Conversions'!$F$117 -> 0.0790165 | G54: ='mol% to wt% Conversions'!$F$139 -> 0.09040039 | H54: ='mol% to wt% Conversions'!$F$161 -> 0.064414836
A55: C2H6 | B55: ='mol% to wt% Conversions'!$F$34 -> 0.10714578 | C55: ='mol% to wt% Conversions'!$F$54 -> 0.079654629 | D55: ='mol% to wt% Conversions'!$F$74 -> 0.11370728 | E55: ='mol% to wt% Conversions'!$F$96 -> 0.074701713 | F55: ='mol% to wt% Conversions'!$F$118 -> 5.4649633e-05 | G55: ='mol% to wt% Conversions'!$F$140 -> 0.2482941 | H55: ='mol% to wt% Conversions'!$F$162 -> 0.13691058
A56: C2H4 | B56: ='mol% to wt% Conversions'!$F$35 -> 0.00325321 | C56: ='mol% to wt% Conversions'!$F$55 -> 0.0036509547 | D56: ='mol% to wt% Conversions'!$F$75 -> 0.0048179903 | E56: ='mol% to wt% Conversions'!$F$97 -> 0 | F56: ='mol% to wt% Conversions'!$F$119 -> 0 | G56: ='mol% to wt% Conversions'!$F$141 -> 0 | H56: ='mol% to wt% Conversions'!$F$163 -> 0
A57: C3H8 | B57: ='mol% to wt% Conversions'!$F$36 -> 0.12444368 | C57: ='mol% to wt% Conversions'!$F$56 -> 0.12396471 | D57: ='mol% to wt% Conversions'!$F$76 -> 0.087368078 | E57: ='mol% to wt% Conversions'!$F$98 -> 0.020191302 | F57: ='mol% to wt% Conversions'!$F$120 -> 9.6172013e-05 | G57: ='mol% to wt% Conversions'!$F$142 -> 0.30252393 | H57: ='mol% to wt% Conversions'!$F$164 -> 0.425018
A58: C3H6 | B58: ='mol% to wt% Conversions'!$F$37 -> 0.0086810472 | C58: ='mol% to wt% Conversions'!$F$57 -> 0.010135945 | D58: ='mol% to wt% Conversions'!$F$77 -> 0.00615651 | E58: ='mol% to wt% Conversions'!$F$99 -> 0 | F58: ='mol% to wt% Conversions'!$F$121 -> 0 | G58: ='mol% to wt% Conversions'!$F$143 -> 0 | H58: ='mol% to wt% Conversions'!$F$165 -> 0
A59: iC4 | B59: 0 | C59: 0 | D59: ='mol% to wt% Conversions'!$F$79 -> 0.066824743 | E59: ='mol% to wt% Conversions'!$F$101 -> 0.0037895895 | F59: ='mol% to wt% Conversions'!$F$123 -> 6.3382233e-05 | G59: ='mol% to wt% Conversions'!$F$145 -> 0.13104476 | H59: ='mol% to wt% Conversions'!$F$167 -> 0.18296682
A60: nC4 | B60: ='mol% to wt% Conversions'!$F$38 -> 0.091542672 | C60: ='mol% to wt% Conversions'!$F$58 -> 0.11001816 | D60: ='mol% to wt% Conversions'!$F$78 -> 0.089493973 | E60: ='mol% to wt% Conversions'!$F$100 -> 0.0043717104 | F60: ='mol% to wt% Conversions'!$F$122 -> 4.9296444e-05 | G60: ='mol% to wt% Conversions'!$F$144 -> 0.080056443 | H60: ='mol% to wt% Conversions'!$F$166 -> 0.015629781
A61: C4= | B61: ='mol% to wt% Conversions'!$F$39 -> 0.079372525 | C61: ='mol% to wt% Conversions'!$F$59 -> 0.084242165 | D61: ='mol% to wt% Conversions'!$F$80 -> 0 | E61: ='mol% to wt% Conversions'!$F$102 -> 0 | F61: ='mol% to wt% Conversions'!$F$124 -> 0 | G61: ='mol% to wt% Conversions'!$F$146 -> 0 | H61: ='mol% to wt% Conversions'!$F$168 -> 0
A62: IC5 | B62: 0 | C62: 0 | D62: 0 | E62: 0 | F62: 0 | G62: 0 | H62: 0
A63: NC5 | B63: ='mol% to wt% Conversions'!$F$40 -> 0.03806425 | C63: ='mol% to wt% Conversions'!$F$60 -> 0.03438385 | D63: 0 | E63: ='mol% to wt% Conversions'!$F$103 -> 0 | F63: ='mol% to wt% Conversions'!$F$125 -> 0 | G63: ='mol% to wt% Conversions'!$F$147 -> 0 | H63: ='mol% to wt% Conversions'!$F$169 -> 0.023921967
A64: N-C6 | B64: ='mol% to wt% Conversions'!$F$41 -> 0.038971043 | C64: ='mol% to wt% Conversions'!$F$61 -> 0.038755111 | D64: 0 | E64: ='mol% to wt% Conversions'!$F$104 -> 0 | F64: ='mol% to wt% Conversions'!$F$126 -> 0 | G64: ='mol% to wt% Conversions'!$F$148 -> 0 | H64: ='mol% to wt% Conversions'!$F$170 -> 0
A65: C5+ | B65: 0 | C65: 0 | D65: ='mol% to wt% Conversions'!$F$83 -> 0.040392517 | E65: ='mol% to wt% Conversions'!$F$105 -> 0.0037263468 | F65: ='mol% to wt% Conversions'!$F$127 -> 0.0003026686 | G65: ='mol% to wt% Conversions'!$F$149 -> 0.054810794 | H65: ='mol% to wt% Conversions'!$F$171 -> 0.001146978
A66: H2S | B66: ='mol% to wt% Conversions'!$F$42 -> 1.345433e-05 | C66: ='mol% to wt% Conversions'!$F$62 -> 1.3524355e-05 | D66: ='mol% to wt% Conversions'!$F$84 -> 0 | E66: ='mol% to wt% Conversions'!$F$106 -> 0 | F66: ='mol% to wt% Conversions'!$F$128 -> 0 | G66: ='mol% to wt% Conversions'!$F$150 -> 0 | H66: ='mol% to wt% Conversions'!$F$172 -> 0
A67: CO | B67: ='mol% to wt% Conversions'!$F$43 -> 0.022460994 | C67: ='mol% to wt% Conversions'!$F$63 -> 0.0077616507 | D67: ='mol% to wt% Conversions'!$F$85 -> 0 | E67: ='mol% to wt% Conversions'!$F$107 -> 0 | F67: ='mol% to wt% Conversions'!$F$129 -> 0.12946632 | G67: ='mol% to wt% Conversions'!$F$151 -> 0 | H67: ='mol% to wt% Conversions'!$F$173 -> 0
A68: CO2 | B68: ='mol% to wt% Conversions'!$F$44 -> 0.04558569 | C68: ='mol% to wt% Conversions'!$F$64 -> 0.065128007 | D68: ='mol% to wt% Conversions'!$F$86 -> 0.049124183 | E68: ='mol% to wt% Conversions'!$F$108 -> 0.067262768 | F68: ='mol% to wt% Conversions'!$F$130 -> 0.76975677 | G68: ='mol% to wt% Conversions'!$F$152 -> 0 | H68: ='mol% to wt% Conversions'!$F$174 -> 0
A69: N2 | B69: ='mol% to wt% Conversions'!$F$45 -> 0.055616441 | C69: ='mol% to wt% Conversions'!$F$65 -> 0.06794423 | D69: ='mol% to wt% Conversions'!$F$87 -> 0 | E69: ='mol% to wt% Conversions'!$F$109 -> 0.0082393647 | F69: ='mol% to wt% Conversions'!$F$131 -> 0 | G69: ='mol% to wt% Conversions'!$F$153 -> 0 | H69: ='mol% to wt% Conversions'!$F$175 -> 0
A71: TOTAL (should = 100%) | B71: =SUM(B53:B70) -> 1 | C71: =SUM(C53:C70) -> 1 | D71: =SUM(D53:D70) -> 1 | E71: =SUM(E53:E70) -> 1 | F71: =SUM(F53:F70) -> 1 | G71: =SUM(G53:G70) -> 1 | H71: =SUM(H53:H70) -> 1
A75: PROCESS BLOCK DIAGRAM
B79: containing natural gas already | C79: Refinery Gas | D79: → | E79: → | F79: MIXER | G79: → | H79: total | I79: → | J79: RECOVERY | K79: → | L79: HEATERS combusion
E80: ↗
C81: Penex Gas | D81: → | E81: ↗ | K81: ↑
E82: ↑
C83: Purge Gas | D83: → | E83: ↗ | K83: Natural Gas
E84: ↑ | K84: Make-up needed
C85: Sweep Gas | D85: →
A90: While Flare is a total recovery

Sheet 2. Stream Calculations
A1: STREAM-BY-STREAM CALCULATIONS
A2: Baseline Scenario: PSA/Sweep 100% fuel
A4: Parameter | B4: Flare Gas OLD | C4: Flare Gas New | D4: Refinery Gas | E4: PSA Purge | F4: Sweep Gas | G4: Penex | H4: TOTAL
A5: Flow (kg/h) | B5: ='1. ALL INPUT DATA'!B42 -> 4122 | C5: ='1. ALL INPUT DATA'!B43 -> 2989 | D5: ='1. ALL INPUT DATA'!B46 -> 48459.443 | E5: ='1. ALL INPUT DATA'!B47 -> 62786.449 | F5: ='1. ALL INPUT DATA'!B48 -> 3723.4181 | G5: ='1. ALL INPUT DATA'!B49 -> 2088.1164 | H5: =SUM(B5:G5) -> 124168.43
A6: Flow (t/y) | B6: =B5*'1. ALL INPUT DATA'!$B$8/1000 -> 32976 | C6: =C5*'1. ALL INPUT DATA'!$B$8/1000 -> 23912 | D6: =D5*'1. ALL INPUT DATA'!$B$8/1000 -> 387675.54 | E6: =E5*'1. ALL INPUT DATA'!$B$8/1000 -> 502291.59 | F6: =F5*'1. ALL INPUT DATA'!$B$8/1000 -> 29787.344 | G6: =G5*'1. ALL INPUT DATA'!$B$8/1000 -> 16704.931 | H6: =SUM(B6:G6) -> 993347.41
A7: LHV (MJ/kg) | B7: ='1. ALL INPUT DATA'!C42 -> 50.811859 | C7: ='1. ALL INPUT DATA'!C43 -> 51.241227 | D7: ='1. ALL INPUT DATA'!C46 -> 48.75527 | E7: ='1. ALL INPUT DATA'!C47 -> 7.8505607 | F7: ='1. ALL INPUT DATA'!C48 -> 53.299147 | G7: ='1. ALL INPUT DATA'!C49 -> 57.690623
A8: Fuel Fraction (for NG calc) | B8: ='1. ALL INPUT DATA'!E42 -> 0 | C8: ='1. ALL INPUT DATA'!E43 -> 0 | D8: ='1. ALL INPUT DATA'!E46 -> 1 | E8: ='1. ALL INPUT DATA'!E47 -> 1 | F8: ='1. ALL INPUT DATA'!E48 -> 1 | G8: ='1. ALL INPUT DATA'!E49 -> 1
A10: RECOVERABLE PRODUCTS (t/y)
A11: H2 | B11: =$B$6*'1. ALL INPUT DATA'!B53 -> 4031.7545 | C11: =$C$6*'1. ALL INPUT DATA'!C53 -> 3420.6586 | D11: =$D$6*'1. ALL INPUT DATA'!D53 -> 16074.739 | E11: =$E$6*'1. ALL INPUT DATA'!F53 -> 10645.689 | F11: =$F$6*'1. ALL INPUT DATA'!G53 -> 2766.3383 | G11: =$G$6*'1. ALL INPUT DATA'!H53 -> 2505.59 | H11: =SUM(B11:G11) -> 39444.769
A12: CH4 | B12: =$B$6*'1. ALL INPUT DATA'!B54 -> 8659.0331 | C12: =$C$6*'1. ALL INPUT DATA'!C54 -> 5530.7283 | D12: =$D$6*'1. ALL INPUT DATA'!D54 -> 194089.88 | E12: =$E$6*'1. ALL INPUT DATA'!F54 -> 39689.323 | F12: =$F$6*'1. ALL INPUT DATA'!G54 -> 2692.7876 | G12: =$G$6*'1. ALL INPUT DATA'!H54 -> 1076.0454 | H12: =SUM(B12:G12) -> 251737.8
A13: C2H6 | B13: =$B$6*'1. ALL INPUT DATA'!B55 -> 3533.2392 | C13: =$C$6*'1. ALL INPUT DATA'!C55 -> 1904.7015 | D13: =$D$6*'1. ALL INPUT DATA'!D55 -> 44081.53 | E13: =$E$6*'1. ALL INPUT DATA'!F55 -> 27.450051 | F13: =$F$6*'1. ALL INPUT DATA'!G55 -> 7396.0218 | G13: =$G$6*'1. ALL INPUT DATA'!H55 -> 2287.0817 | H13: =SUM(B13:G13) -> 59230.024
A14: C2H4 | B14: =$B$6*'1. ALL INPUT DATA'!B56 -> 107.27785 | C14: =$C$6*'1. ALL INPUT DATA'!C56 -> 87.30163 | D14: =$D$6*'1. ALL INPUT DATA'!D56 -> 1867.817 | E14: =$E$6*'1. ALL INPUT DATA'!F56 -> 0 | F14: =$F$6*'1. ALL INPUT DATA'!G56 -> 0 | G14: =$G$6*'1. ALL INPUT DATA'!H56 -> 0 | H14: =SUM(B14:G14) -> 2062.3965
A15: C3H8 | B15: =$B$6*'1. ALL INPUT DATA'!B57 -> 4103.6549 | C15: =$C$6*'1. ALL INPUT DATA'!C57 -> 2964.2442 | D15: =$D$6*'1. ALL INPUT DATA'!D57 -> 33870.467 | E15: =$E$6*'1. ALL INPUT DATA'!F57 -> 48.306393 | F15: =$F$6*'1. ALL INPUT DATA'!G57 -> 9011.3845 | G15: =$G$6*'1. ALL INPUT DATA'!H57 -> 7099.8963 | H15: =SUM(B15:G15) -> 57097.953
A16: C3H6 | B16: =$B$6*'1. ALL INPUT DATA'!B58 -> 286.26621 | C16: =$C$6*'1. ALL INPUT DATA'!C58 -> 242.37072 | D16: =$D$6*'1. ALL INPUT DATA'!D58 -> 2386.7284 | E16: =$E$6*'1. ALL INPUT DATA'!F58 -> 0 | F16: =$F$6*'1. ALL INPUT DATA'!G58 -> 0 | G16: =$G$6*'1. ALL INPUT DATA'!H58 -> 0 | H16: =SUM(B16:G16) -> 2915.3653
A17: iC4 | B17: =$B$6*'1. ALL INPUT DATA'!B59 -> 0 | C17: =$C$6*'1. ALL INPUT DATA'!C59 -> 0 | D17: =$D$6*'1. ALL INPUT DATA'!D59 -> 25906.319 | E17: =$E$6*'1. ALL INPUT DATA'!F59 -> 31.836363 | F17: =$F$6*'1. ALL INPUT DATA'!G59 -> 3903.4754 | G17: =$G$6*'1. ALL INPUT DATA'!H59 -> 3056.448 | H17: =SUM(B17:G17) -> 32898.078
A18: nC4 | B18: =$B$6*'1. ALL INPUT DATA'!B60 -> 3018.7111 | C18: =$C$6*'1. ALL INPUT DATA'!C60 -> 2630.7543 | D18: =$D$6*'1. ALL INPUT DATA'!D60 -> 34694.625 | E18: =$E$6*'1. ALL INPUT DATA'!F60 -> 24.761189 | F18: =$F$6*'1. ALL INPUT DATA'!G60 -> 2384.6688 | G18: =$G$6*'1. ALL INPUT DATA'!H60 -> 261.0944 | H18: =SUM(B18:G18) -> 43014.615
A19: C4= | B19: =$B$6*'1. ALL INPUT DATA'!B61 -> 2617.3884 | C19: =$C$6*'1. ALL INPUT DATA'!C61 -> 2014.3987 | D19: =$D$6*'1. ALL INPUT DATA'!D61 -> 0 | E19: =$E$6*'1. ALL INPUT DATA'!F61 -> 0 | F19: =$F$6*'1. ALL INPUT DATA'!G61 -> 0 | G19: =$G$6*'1. ALL INPUT DATA'!H61 -> 0 | H19: =SUM(B19:G19) -> 4631.7871
A20: I-C5 | B20: =$B$6*'1. ALL INPUT DATA'!B62 -> 0 | C20: =$C$6*'1. ALL INPUT DATA'!C62 -> 0 | D20: =$D$6*'1. ALL INPUT DATA'!D62 -> 0 | E20: =$E$6*'1. ALL INPUT DATA'!F62 -> 0 | F20: =$F$6*'1. ALL INPUT DATA'!G62 -> 0 | G20: =$G$6*'1. ALL INPUT DATA'!H62 -> 0 | H20: =SUM(B20:G20) -> 0
A21: N-C5 | B21: =$B$6*'1. ALL INPUT DATA'!B63 -> 1255.2067 | C21: =$C$6*'1. ALL INPUT DATA'!C63 -> 822.18662 | D21: =$D$6*'1. ALL INPUT DATA'!D63 -> 0 | E21: =$E$6*'1. ALL INPUT DATA'!F63 -> 0 | F21: =$F$6*'1. ALL INPUT DATA'!G63 -> 0 | G21: =$G$6*'1. ALL INPUT DATA'!H63 -> 399.61481 | H21: =SUM(B21:G21) -> 2477.0081
A22: N-C6 | B22: =$B$6*'1. ALL INPUT DATA'!B64 -> 1285.1091 | C22: =$C$6*'1. ALL INPUT DATA'!C64 -> 926.71223 | D22: =$D$6*'1. ALL INPUT DATA'!D64 -> 0 | E22: =$E$6*'1. ALL INPUT DATA'!F64 -> 0 | F22: =$F$6*'1. ALL INPUT DATA'!G64 -> 0 | G22: =$G$6*'1. ALL INPUT DATA'!H64 -> 0 | H22: =SUM(B22:G22) -> 2211.8214
... A27: N2 | B27: =$B$6*'1. ALL INPUT DATA'!B69 -> 1834.0078 | C27: =$C$6*'1. ALL INPUT DATA'!C69 -> 1624.6824 | D27: =$D$6*'1. ALL INPUT DATA'!D69 -> 0 | E27: =$E$6*'1. ALL INPUT DATA'!F69 -> 0 | F27: =$F$6*'1. ALL INPUT DATA'!G69 -> 0 | G27: =$G$6*'1. ALL INPUT DATA'!H69 -> 0 | H27: =SUM(B27:G27) -> 3458.6902
A29: AGGREGATE PRODUCTS (t/yr)
A30: Total C2 (C2H6 + C2H4) | B30: =B13+B14 -> 3640.517 | C30: =C13+C14 -> 1992.0031 | D30: =D13+D14 -> 45949.347 | E30: =E13+E14 -> 27.450051 | F30: =F13+F14 -> 7396.0218 | G30: =G13+G14 -> 2287.0817 | H30: =SUM(B30:F30) -> 59005.339
A31: Total C3 LPG (C3H8 + C3H6) | B31: =B15+B16 -> 4389.9211 | C31: =C15+C16 -> 3206.6149 | D31: =D15+D16 -> 36257.195 | E31: =E15+E16 -> 48.306393 | F31: =F15+F16 -> 9011.3845 | G31: =G15+G16 -> 7099.8963 | H31: =SUM(B31:F31) -> 52913.422
A32: Total C4 LPG (iC4 + nC4) | B32: =B17+B18 -> 3018.7111 | C32: =C17+C18 -> 2630.7543 | D32: =D17+D18 -> 60600.943 | E32: =E17+E18 -> 56.597552 | F32: =F17+F18 -> 6288.1442 | G32: =G17+G18 -> 3317.5424 | H32: =SUM(B32:F32) -> 72595.151
A33: Total LPG (C3 + C4) | B33: =B31+B32 -> 7408.6323 | C33: =C31+C32 -> 5837.3692 | D33: =D31+D32 -> 96858.139 | E33: =E31+E32 -> 104.90395 | F33: =F31+F32 -> 15299.529 | G33: =G31+G32 -> 10417.439 | H33: =SUM(B33:F33) -> 125508.57
A34: C5+ | B34: =B20+B21+B22+B23 -> 2540.3158 | C34: =C20+C21+C22+C23 -> 1748.8988 | D34: =D20+D21+D22+D23 -> 15659.191 | E34: =E20+E21+E22+E23 -> 152.02789 | F34: =F20+F21+F22+F23 -> 1632.668 | G34: =G20+G21+G22+G23 -> 418.77499 | H34: =SUM(B34:F34) -> 21733.102
A36: NG MAKEUP ECONOMICS
A37: Heat Content (MJ/h) | B37: =B5*B7 -> 209446.48 | C37: =C5*C7 -> 153160.03 | D37: =D5*D7 -> 2362653.2 | E37: =E5*E7 -> 492908.83 | F37: =F5*F7 -> 198455.01 | G37: =G5*G7 -> 120464.73
A38: Heat Content (MMBTU/h) | B38: =B37*'1. ALL INPUT DATA'!$B$7 -> 198.51693 | C38: =C37*'1. ALL INPUT DATA'!$B$7 -> 145.16768 | D38: =D37*'1. ALL INPUT DATA'!$B$7 -> 2239.3629 | E38: =E37*'1. ALL INPUT DATA'!$B$7 -> 467.18736 | F38: =F37*'1. ALL INPUT DATA'!$B$7 -> 188.09903 | G38: =G37*'1. ALL INPUT DATA'!$B$7 -> 114.17852
A39: Heat from Fuel Portion (MMBTU/h) | B39: =B38*B8 -> 0 | C39: =C38*C8 -> 0 | D39: =D38*D8 -> 2239.3629 | E39: =E38*E8 -> 467.18736 | F39: =F38*F8 -> 188.09903 | G39: =G38*G8 -> 114.17852
A40: NG Needed (MMBTU/y) | B40: =B39*'1. ALL INPUT DATA'!$B$8 -> 0 | C40: =C39*'1. ALL INPUT DATA'!$B$8 -> 0 | D40: =D39*'1. ALL INPUT DATA'!$B$8 -> 17914903 | E40: =E39*'1. ALL INPUT DATA'!$B$8 -> 3737498.9 | F40: =F39*'1. ALL INPUT DATA'!$B$8 -> 1504792.2 | G40: =G39*'1. ALL INPUT DATA'!$B$8 -> 913428.17 | H40: =SUM(B40:G40) -> 24070622
A41: NG Cost ($/y) | B41: =B40*'1. ALL INPUT DATA'!$B$6 -> 0 | C41: =C40*'1. ALL INPUT DATA'!$B$6 -> 0 | D41: =D40*'1. ALL INPUT DATA'!$B$6 -> 85095789 | E41: =E40*'1. ALL INPUT DATA'!$B$6 -> 17753120 | F41: =F40*'1. ALL INPUT DATA'!$B$6 -> 7147763.1 | G41: =G40*'1. ALL INPUT DATA'!$B$6 -> 4338783.8 | H41: =SUM(B41:G41) -> 1.1433546e+08
A43: PRODUCT VALUES ($/y)
A44: H2 Value | B44: =B11*'1. ALL INPUT DATA'!$B$12 -> 8063508.9 | C44: =C11*'1. ALL INPUT DATA'!$B$12 -> 6841317.1 | D44: =D11*'1. ALL INPUT DATA'!$B$12 -> 32149477 | E44: =E11*'1. ALL INPUT DATA'!$B$12 -> 21291377 | F44: =F11*'1. ALL INPUT DATA'!$B$12 -> 5532676.6 | G44: =G11*'1. ALL INPUT DATA'!$B$12 -> 5011180 | H44: =SUM(B44:G44) -> 78889537
A45: C2 Value | B45: =B30*'1. ALL INPUT DATA'!$B$13 -> 1456206.8 | C45: =C30*'1. ALL INPUT DATA'!$B$13 -> 796801.24 | D45: =D30*'1. ALL INPUT DATA'!$B$13 -> 18379739 | E45: =E30*'1. ALL INPUT DATA'!$B$13 -> 10980.02 | F45: =F30*'1. ALL INPUT DATA'!$B$13 -> 2958408.7 | G45: =G30*'1. ALL INPUT DATA'!$B$13 -> 914832.69 | H45: =SUM(B45:G45) -> 24516968
A46: LPG Value | B46: =B33*'1. ALL INPUT DATA'!$B$15 -> 5400892.9 | C46: =C33*'1. ALL INPUT DATA'!$B$15 -> 4255442.1 | D46: =D33*'1. ALL INPUT DATA'!$B$15 -> 70609583 | E46: =E33*'1. ALL INPUT DATA'!$B$15 -> 76474.976 | F46: =F33*'1. ALL INPUT DATA'!$B$15 -> 11153356 | G46: =G33*'1. ALL INPUT DATA'!$B$15 -> 7594312.8 | H46: =SUM(B46:G46) -> 99090063
A47: C5+ Value | B47: =B23*'1. ALL INPUT DATA'!$B$16 -> 0 | C47: =C23*'1. ALL INPUT DATA'!$B$16 -> 0 | D47: =D23*'1. ALL INPUT DATA'!$B$16 -> 9708698.5 | E47: =E23*'1. ALL INPUT DATA'!$B$16 -> 94257.293 | F47: =F23*'1. ALL INPUT DATA'!$B$16 -> 1012254.2 | G47: =G23*'1. ALL INPUT DATA'!$B$16 -> 11879.317 | H47: =SUM(B47:G47) -> 10827089
A48: TOTAL PRODUCT VALUE | B48: =SUM(B44:B47) -> 14920609 | C48: =SUM(C44:C47) -> 11893560 | D48: =SUM(D44:D47) -> 1.308475e+08 | E48: =SUM(E44:E47) -> 21473089 | F48: =SUM(F44:F47) -> 20656696 | G48: =SUM(G44:G47) -> 13532205 | H48: =SUM(H44:H47) -> 2.1332366e+08
A50: NET ECONOMICS
A51: Product Value | B51: =B48 -> 14920609 | C51: =C48 -> 11893560 | D51: =D48 -> 1.308475e+08 | E51: =E48 -> 21473089 | F51: =F48 -> 20656696 | G51: =G48 -> 13532205 | H51: =H48 -> 2.1332366e+08
A52: NG Makeup Cost | B52: =B41 -> 0 | C52: =C41 -> 0 | D52: =D41 -> 85095789 | E52: =E41 -> 17753120 | F52: =F41 -> 7147763.1 | G52: =G41 -> 4338783.8 | H52: =H41 -> 1.1433546e+08
A53: NET VALUE | B53: =B51-B52 -> 14920609 | C53: =C51-C52 -> 11893560 | D53: =D51-D52 -> 45751709 | E53: =E51-E52 -> 3719969.6 | F53: =F51-F52 -> 13508933 | G53: =G51-G52 -> 9193421 | H53: =H51-H52 -> 98988202
A54: ROI (%) | B54: =IF(B41>0,B53/B41,0) -> 0 | C54: =IF(C41>0,C53/C41,0) -> 0 | D54: =IF(D41>0,D53/D41,0) -> 0.53764951 | E54: =IF(E41>0,E53/E41,0) -> 0.20953892 | F54: =IF(F41>0,F53/F41,0) -> 1.8899525 | G54: =IF(G41>0,G53/G41,0) -> 2.1188935

Sheet 3. Calc 1 - LPG & C5+
A1: CALCULATION 1: C3, C4, C5+ RECOVERY
A3: Parameter | B3: Quantity (t/y) | C3: Formula / Source
A4: Total C3 (Propane+Propylene) | B4: ='2. Stream Calculations'!H31 -> 52913.422
A5: Total C4 (Butanes) | B5: ='2. Stream Calculations'!H32 -> 72595.151
A6: TOTAL LPG (C3+C4) | B6: =B4+B5 -> 125508.57
A7: Total C5+ | B7: ='2. Stream Calculations'!H34 -> 21733.102
A9: LPG Value | B9: =B6*'1. ALL INPUT DATA'!B15 -> 91495750
A10: C5+ Value | B10: =B7*'1. ALL INPUT DATA'!B16 -> 13474523
A11: Total Product Value | B11: =B9+B10 -> 1.0497027e+08
A13: LPG heat content ( average ) | B13: ='Heat Content Calculations'!H328 -> 43.409593 | C13: MMBTU /ton
A14: LPG heat content per year | B14: =('2. Stream Calculations'!D33+'2. Stream Calculations'!E33+'2. Stream Calculations'!F33+'2. Stream Calculations'!G33)*B13 -> 5325489.3 | C14: MMBTU/year
A15: C5+ Heat content (average ) | B15: ='Heat Content Calculations'!H396 -> 40.577162 | C15: MMBTU /ton
A16: C5+ Heat content per year | B16: =('2. Stream Calculations'!D34+'2. Stream Calculations'!E34+'2. Stream Calculations'!F34+'2. Stream Calculations'!G34)*B15 -> 724816.14 | C16: MMBTU/year
A18: Total product heat content per year | B18: =B16+B14 -> 6050305.5 | C18: MMBTU/ year
A20: NG Make-up Cost | B20: =B18*'1. ALL INPUT DATA'!B6 -> 28738951
A22: NET VALUE (Calc 1) $/year | B22: =B11-B20 -> 76231322

Sheet 4. Calc 2 - H2 Recovery
A1: CALCULATION 2: H2 RECOVERY FROM ALL STREAMS
A3: Parameter | B3: Quantity (t/y) | C3: Formula / Source
A4: H2 from Off-Gas | B4: ='2. Stream Calculations'!D11 -> 16074.739
A5: H2 from Flare Gas OLD | B5: ='2. Stream Calculations'!B11 -> 4031.7545
A6: H2 from Flare Gas New | B6: ='2. Stream Calculations'!C11 -> 3420.6586
A7: H2 from PSA Purge | B7: ='2. Stream Calculations'!E11 -> 10645.689
A8: H2 from Sweep Gas | B8: ='2. Stream Calculations'!F11 -> 2766.3383
A9: H2 from Penex | B9: ='2. Stream Calculations'!G11 -> 2505.59
A11: TOTAL H2 RECOVERY | B11: =SUM(B4:B9) -> 39444.769 | C11: t/y
A12: Total H2 Value | B12: =B11*'1. ALL INPUT DATA'!B12 -> 78889537
A14: H2 heat content | B14: ='Heat Content Calculations'!H362 -> 114.02448 | C14: MMBTU /ton
A16: Total H2 heat content per year | B16: =('2. Stream Calculations'!D11+'2. Stream Calculations'!E11+'2. Stream Calculations'!F11+'2. Stream Calculations'!G11)*B14 -> 3647911.6 | C16: MMBTU /year
A18: NG Make-up Cost | B18: =B16*'1. ALL INPUT DATA'!B6 -> 17327580
A20: NET VALUE (Calc 2) $/year | B20: =B12-B18 -> 61561957

Sheet 5. Calc 3 - C2 Balance
A1: CALCULATION 3: C2 BALANCE & ETHYDCO SUPPLY-DEMAND
A3: Parameter | B3: Quantity | C3: Formula / Source
A4: MIDOR C2 Supply (t/y) | B4: ='2. Stream Calculations'!H30 -> 59005.339
A6: ETHYDCO Feed Gap Min (T/hr) | B6: ='1. ALL INPUT DATA'!B36 -> 11
A7: ETHYDCO Feed Gap Max (T/hr) | B7: ='1. ALL INPUT DATA'!B37 -> 16
A8: C2 Content (%) | B8: ='1. ALL INPUT DATA'!B38/100 -> 0.95
A10: ETHYDCO C2 Need Min (t/y) | B10: ='1. ALL INPUT DATA'!B36*'1. ALL INPUT DATA'!B8*B8 -> 83600
A11: ETHYDCO C2 Need Max (t/y) | B11: ='1. ALL INPUT DATA'!B37*'1. ALL INPUT DATA'!B8*B8 -> 121600
A13: Balance vs Min (t/y) | B13: =B4-B10 -> -24594.661
A14: Coverage of Min (%) | B14: =B4/B10 -> 0.70580549
A15: Coverage of Max (%) | B15: =B4/B11 -> 0.48524127
A17: Total C2 Value ($/y) | B17: =B4*'1. ALL INPUT DATA'!B13 -> 23602136

Sheet 6. Calc 4 - CO & CO2
A1: CALCULATION 4: CO & CO2 FOR METHANOL
A3: Parameter | B3: Quantity (t/y) | C3: Formula / Source
A4: Total CO Available | B4: ='2. Stream Calculations'!H25 -> 65956.116
A5: Total CO2 Available | B5: ='2. Stream Calculations'!H26 -> 408747.17
A7: CO:CO2 Ratio | B7: =B4/B5 -> 0.16136165

Sheet 7. Calc 5 - Methanol
A1: CALCULATION 5: METHANOL PRODUCTION
A3: Parameter | B3: Value | C3: Formula / Source
A4: H2 for CO (t/y) conversion to methanol | B4: ='6. Calc 4 - CO & CO2'!B4*2*'1. ALL INPUT DATA'!B23/'1. ALL INPUT DATA'!B24 -> 9494.2899 | C4: CO × 2 × MW(H2)/MW(CO)
A5: H2 for CO2 (t/y) conversion to methanol | B5: ='6. Calc 4 - CO & CO2'!B5*3*'1. ALL INPUT DATA'!B23/'1. ALL INPUT DATA'!B25 -> 56171.39 | C5: CO2 × 3 × MW(H2)/MW(CO2)
A6: TOTAL H2 REQUIRED (t/y) | B6: =B4+B5 -> 65665.68
A8: SCENARIO 2: With H2 Augmentation (Recommended)
A9: H2 Available (t/y) | B9: ='4. Calc 2 - H2 Recovery'!B11 -> 39444.769
A10: H2 Deficit (t/y) | B10: =B6-B9 -> 26220.911
A11: H2 Utilization Fraction | B11: =B9/B6 -> 0.60069078
A13: Methanol from CO (t/y) with available H2 | B13: ='6. Calc 4 - CO & CO2'!B4*B11*'1. ALL INPUT DATA'!B26/'1. ALL INPUT DATA'!B24 -> 45319.534 | C13: Total CO × Utilization Fraction × (MW of MeOH / MW of CO)
A14: Methanol from CO2 (t/y) with available H2 | B14: ='6. Calc 4 - CO & CO2'!B5*'7. Calc 5 - Methanol'!B11*'1. ALL INPUT DATA'!B26/'1. ALL INPUT DATA'!B25 -> 178750.33 | C14: Total CO₂ × Utilization Fraction × (MW of MeOH / MW of CO₂)
A15: TOTAL METHANOL S2 (t/y) ✓ RECOMMENDED | B15: =B13+B14 -> 224069.87

Sheet 9. Final Summary
A1: FINAL INTEGRATION VALUE SUMMARY
A3: Phase | B3: NET VALUE ($/year) | C3: Description
A4: Phase 1+2: Off-Gas & Flare Recovery
A5: LPG & C5+ NET | B5: ='3. Calc 1 - LPG & C5+'!B22 -> 76231322 | C5: From Calc 1
A6: C2 Value | B6: ='5. Calc 3 - C2 Balance'!B17 -> 23602136 | C6: From Calc 3
A7: Phase 1+2 Gross Value | B7: =B5+B6+'3. Calc 1 - LPG & C5+'!B22 -> 1.7606478e+08
A8: Phase 1+2 NG Cost | B8: ='3. Calc 1 - LPG & C5+'!B22 -> 76231322
A9: Phase 1+2 NET VALUE | B9: =B7-B8 -> 99833457 | C9: Gross - NG cost
A11: Phase 3+4: Methanol & MTO
A12: Phase 3+4 NET VALUE | B12: ='8. Calc 6 - Blend & MTO'!B21 -> 96232485 | C12: From Calc 6
A14: TOTAL INTEGRATION VALUE
A15: Total NG Makeup Cost ($/year) | B15: =B8+'8. Calc 6 - Blend & MTO'!B20 -> 76231322
A16: TOTAL NET VALUE ($/year) | B16: =B9+B12 -> 1.9606594e+08 | C16: After all NG makeup costs

Sheet 8. Calc 6 - Blend & MTO
A1: CALCULATION 6: METHANOL BLENDING & MTO
A3: Parameter | B3: Value | C3: Formula / Source
A4: Gasoline Pool (t/y) | B4: ='1. ALL INPUT DATA'!B35 -> 1514271
A5: Methanol Available S2 (t/y) | B5: ='7. Calc 5 - Methanol'!B15 -> 224069.87
A7: Blend vol% | B7: ='1. ALL INPUT DATA'!B32/100 -> 0.05
A8: Blend wt% | B8: =(B7*'1. ALL INPUT DATA'!B31)/((B7*'1. ALL INPUT DATA'!B31)+((1-B7)*'1. ALL INPUT DATA'!B30)) -> 0.052526596 | C8: (Blend vol% × ρ_methanol) / [(Blend vol% × ρ_methanol) + ((1 - Blend vol%) × ρ_gasoline)]
A9: Methanol in Gasoline (t/y) | B9: =B4*B8 -> 79539.501
A10: Methanol Surplus for MTO (t/y) | B10: =B5-B9 -> 144530.37
A12: Ethylene from MTO (t/y) | B12: =B10*'1. ALL INPUT DATA'!B33/100 -> 40468.503
A13: Propylene from MTO (t/y) | B13: =B10*'1. ALL INPUT DATA'!B34/100 -> 60702.754
A15: Methanol in Gasoline Value ($/y) | B15: =B9*'1. ALL INPUT DATA'!B17 -> 35792775
A16: Ethylene Value ($/y) | B16: =B12*'1. ALL INPUT DATA'!B14 -> 16187401
A17: Propylene Value ($/y) | B17: =B13*'1. ALL INPUT DATA'!B15 -> 44252308
A18: Phase 3+4 Total Value ($/y) | B18: =B15+B16+B17 -> 96232485
A20: Phase 3 NG Cost (PSA+Sweep) ($/y) | B20: ='2. Stream Calculations'!E42+'2. Stream Calculations'!F42 -> 0
A21: Phase 3+4 NET VALUE ($/y) | B21: =B18-B20 -> 96232485
